,Name,School Link,Staff List Link
0,Benton Middle School,https://bentonms.pwcs.edu/,https://bentonms.pwcs.edu/directory/index
1,Beville Middle School,https://bevillems.pwcs.edu/,https://bevillems.pwcs.edu/directory/index
2,Bull Run Middle School,https://bullrunms.pwcs.edu/,https://bullrunms.pwcs.edu/directory/index
3,Fred M. Lynn Middle School,https://lynnms.pwcs.edu/,https://lynnms.pwcs.edu/directory/index
4,Gainesville Middle School,https://gainesvillems.pwcs.edu/,https://gainesvillems.pwcs.edu/directory/index
5,Graham Park Middle School,https://grahamparkms.pwcs.edu/,https://grahamparkms.pwcs.edu/directory/index
6,Hampton Middle School,https://hamptonms.pwcs.edu/,https://hamptonms.pwcs.edu/directory/index
7,Lake Ridge Middle School,https://lakeridgems.pwcs.edu/,https://lakeridgems.pwcs.edu/directory/index
8,Marsteller Middle School,https://marstellerms.pwcs.edu/,https://marstellerms.pwcs.edu/directory/index
9,Parkside Middle School,https://parksidems.pwcs.edu/,https://parksidems.pwcs.edu/directory/index
10,Potomac Middle School,https://potomacms.pwcs.edu/,https://potomacms.pwcs.edu/directory/index
11,Potomac Shores Middle School,https://potomacshoresms.pwcs.edu/,https://potomacshoresms.pwcs.edu/directory/index
12,Reagan Middle School,https://ronaldreaganms.pwcs.edu/,https://ronaldreaganms.pwcs.edu/directory/index
13,Rippon Middle School,https://ripponms.pwcs.edu/,https://ripponms.pwcs.edu/directory/index
14,Saunders Middle School,https://saundersms.pwcs.edu/,https://saundersms.pwcs.edu/directory/index
15,Unity Braxton Middle School,https://unitybraxtonms.pwcs.edu/,https://unitybraxtonms.pwcs.edu/directory/index
16,Woodbridge Middle School,https://woodbridgems.pwcs.edu/,https://woodbridgems.pwcs.edu/directory/index
